id,title,description,price,currency,link,affiliate_url,image_link,availability,product_type,interests,occasions,recipients,delivery_min_days,delivery_max_days
temu-01,,,,USD,https://temu.to/k/eh4vmdlye05,https://temu.to/k/eh4vmdlye05,,unknown,,,,,,
temu-02,,,,USD,https://temu.to/k/e8zwowuhlq1,https://temu.to/k/e8zwowuhlq1,,unknown,,,,,,
temu-03,,,,USD,https://temu.to/k/erqspfpauje,https://temu.to/k/erqspfpauje,,unknown,,,,,,
temu-04,,,,USD,https://temu.to/k/es6re6vos5l,https://temu.to/k/es6re6vos5l,,unknown,,,,,,
temu-05,,,,USD,https://temu.to/k/e1ulp31ddcv,https://temu.to/k/e1ulp31ddcv,,unknown,,,,,,
temu-06,,,,USD,https://temu.to/k/euplkxgg14d,https://temu.to/k/euplkxgg14d,,unknown,,,,,,
temu-07,,,,USD,https://temu.to/k/elek40ptgfe,https://temu.to/k/elek40ptgfe,,unknown,,,,,,
temu-08,,,,USD,https://temu.to/k/elmokmzwt5v,https://temu.to/k/elmokmzwt5v,,unknown,,,,,,
temu-09,,,,USD,https://temu.to/k/eaygsc1u57e,https://temu.to/k/eaygsc1u57e,,unknown,,,,,,
temu-10,,,,USD,https://temu.to/k/eolga7man25,https://temu.to/k/eolga7man25,,unknown,,,,,,
temu-11,,,,USD,https://temu.to/k/e812xdjp9f7,https://temu.to/k/e812xdjp9f7,,unknown,,,,,,
